{
	"class_name" : "PinholeCameraParameters",
	"extrinsic" : 
	[
		0.98751246317421437,
		0.1353116322721673,
		-0.080683934258548543,
		0.0,
		0.12772104760467262,
		-0.38779799019223377,
		0.91285270049533696,
		0.0,
		0.092230521381812466,
		-0.91175845538975175,
		-0.40023749193564212,
		0.0,
		11.478686025834879,
		1.2085880164093332,
		11.387571867758126,
		1.0
	],
	"intrinsic" : 
	{
		"height" : 2102,
		"intrinsic_matrix" : 
		[
			1820.3853987548905,
			0.0,
			0.0,
			0.0,
			1820.3853987548905,
			0.0,
			1727.5,
			1050.5,
			1.0
		],
		"width" : 3456
	},
	"version_major" : 1,
	"version_minor" : 0
}